{
  "project_info": {
    "project_number": "311724068320",
    "firebase_url": "https://surveywizardinitialtest0.firebaseio.com",
    "project_id": "surveywizardinitialtest0",
    "storage_bucket": "surveywizardinitialtest0.appspot.com"
  },
  "client": [
    {
      "client_info": {
        "mobilesdk_app_id": "1:311724068320:android:bbe5cf9c78f68701",
        "android_client_info": {
          "package_name": "com.example.asmaaaqandeel.firebasertdb"
        }
      },
      "oauth_client": [
        {
          "client_id": "311724068320-ckpu1o5oib1pkaas3c60ogm4kp2p65tt.apps.googleusercontent.com",
          "client_type": 1,
          "android_info": {
            "package_name": "com.example.asmaaaqandeel.firebasertdb",
            "certificate_hash": "6dba4d96945116f4dca5b07d11f90beaff0af8a1"
          }
        },
        {
          "client_id": "311724068320-sdifdvsp3iejvb8vg0o66sa058015g86.apps.googleusercontent.com",
          "client_type": 3
        },
        {
          "client_id": "311724068320-sdifdvsp3iejvb8vg0o66sa058015g86.apps.googleusercontent.com",
          "client_type": 3
        }
      ],
      "api_key": [
        {
          "current_key": "AIzaSyDjjW-5CjGmkPbgwGT6VMdKoZAZp0cKXhM"
        }
      ],
      "services": {
        "analytics_service": {
          "status": 1
        },
        "appinvite_service": {
          "status": 2,
          "other_platform_oauth_client": [
            {
              "client_id": "311724068320-sdifdvsp3iejvb8vg0o66sa058015g86.apps.googleusercontent.com",
              "client_type": 3
            }
          ]
        },
        "ads_service": {
          "status": 2
        }
      }
    },
    {
      "client_info": {
        "mobilesdk_app_id": "1:311724068320:android:ee3bc43fbe71e501",
        "android_client_info": {
          "package_name": "com.example.iaa.surveywizard"
        }
      },
      "oauth_client": [
        {
          "client_id": "311724068320-4rg9srtb2b328me3l88pg8717gddqu95.apps.googleusercontent.com",
          "client_type": 1,
          "android_info": {
            "package_name": "com.example.iaa.surveywizard",
            "certificate_hash": "6dba4d96945116f4dca5b07d11f90beaff0af8a1"
          }
        },
        {
          "client_id": "311724068320-sdifdvsp3iejvb8vg0o66sa058015g86.apps.googleusercontent.com",
          "client_type": 3
        },
        {
          "client_id": "311724068320-sdifdvsp3iejvb8vg0o66sa058015g86.apps.googleusercontent.com",
          "client_type": 3
        }
      ],
      "api_key": [
        {
          "current_key": "AIzaSyDjjW-5CjGmkPbgwGT6VMdKoZAZp0cKXhM"
        }
      ],
      "services": {
        "analytics_service": {
          "status": 1
        },
        "appinvite_service": {
          "status": 2,
          "other_platform_oauth_client": [
            {
              "client_id": "311724068320-sdifdvsp3iejvb8vg0o66sa058015g86.apps.googleusercontent.com",
              "client_type": 3
            }
          ]
        },
        "ads_service": {
          "status": 2
        }
      }
    }
  ],
  "configuration_version": "1"
}